"search-number","evaluation","evals-requested-so-far","sun-brightness*","albedo*","random-seed","min-result","max-result","mean-result","stdev-result","final-step-result"
"1","1","160","3.4000000000000004","0.30000000000000004","""-2042366449""","38.390273024033895","38.390273024033895","38.390273024033895","0","38.390273024033895"
"1","2","160","3.4000000000000004","0.30000000000000004","""-576466048""","39.502048075231755","39.502048075231755","39.502048075231755","0","39.502048075231755"
"1","3","160","3.4000000000000004","0.30000000000000004","""1725984319""","38.88369166745294","38.88369166745294","38.88369166745294","0","38.88369166745294"
"1","4","160","3.4000000000000004","0.30000000000000004","""-681573847""","37.115367196865","37.115367196865","37.115367196865","0","37.115367196865"
"1","5","160","3.4000000000000004","0.30000000000000004","""-425761019""","37.63298980178967","37.63298980178967","37.63298980178967","0","37.63298980178967"
"1","6","160","3.4000000000000004","0.30000000000000004","""-85774485""","38.733359311499065","38.733359311499065","38.733359311499065","0","38.733359311499065"
"1","7","160","3.4000000000000004","0.30000000000000004","""-1684941996""","38.53896117955592","38.53896117955592","38.53896117955592","0","38.53896117955592"
"1","8","160","3.4000000000000004","0.30000000000000004","""-73646968""","40.88074985427332","40.88074985427332","40.88074985427332","0","40.88074985427332"
"1","9","160","3.4000000000000004","0.30000000000000004","""-1828549968""","40.313624279455475","40.313624279455475","40.313624279455475","0","40.313624279455475"
"1","10","160","3.4000000000000004","0.30000000000000004","""-172967213""","38.40066306400263","38.40066306400263","38.40066306400263","0","38.40066306400263"
"1","11","160","4.2","0.4","""969010890""","38.77319359273794","38.77319359273794","38.77319359273794","0","38.77319359273794"
"1","12","160","4.2","0.4","""1107244175""","40.18478493927548","40.18478493927548","40.18478493927548","0","40.18478493927548"
"1","13","160","4.2","0.4","""534581205""","39.67440019101557","39.67440019101557","39.67440019101557","0","39.67440019101557"
"1","14","160","4.2","0.4","""1456366309""","42.21172977723689","42.21172977723689","42.21172977723689","0","42.21172977723689"
"1","15","160","4.2","0.4","""1207796771""","39.72913484486497","39.72913484486497","39.72913484486497","0","39.72913484486497"
"1","16","160","4.2","0.4","""1821659389""","39.85559646724796","39.85559646724796","39.85559646724796","0","39.85559646724796"
"1","17","160","4.2","0.4","""-1291168680""","39.42990020411771","39.42990020411771","39.42990020411771","0","39.42990020411771"
"1","18","160","4.2","0.4","""1311724200""","39.137122761861306","39.137122761861306","39.137122761861306","0","39.137122761861306"
"1","19","160","4.2","0.4","""1254123987""","40.978198047489315","40.978198047489315","40.978198047489315","0","40.978198047489315"
"1","20","160","4.2","0.4","""-1455453229""","42.14367809657442","42.14367809657442","42.14367809657442","0","42.14367809657442"
"1","21","160","0.6000000000000001","0.9500000000000001","""-1516522254""","13.201033695423973","13.201033695423973","13.201033695423973","0","13.201033695423973"
"1","22","160","0.6000000000000001","0.9500000000000001","""1910991566""","13.995533729288839","13.995533729288839","13.995533729288839","0","13.995533729288839"
"1","23","160","0.6000000000000001","0.9500000000000001","""653842597""","12.580477449950116","12.580477449950116","12.580477449950116","0","12.580477449950116"
"1","24","160","0.6000000000000001","0.9500000000000001","""-2115374822""","13.63495770109572","13.63495770109572","13.63495770109572","0","13.63495770109572"
"1","25","160","0.6000000000000001","0.9500000000000001","""-2114378241""","13.101438346810392","13.101438346810392","13.101438346810392","0","13.101438346810392"
"1","26","160","0.6000000000000001","0.9500000000000001","""-1301324867""","13.12096345758596","13.12096345758596","13.12096345758596","0","13.12096345758596"
"1","27","160","0.6000000000000001","0.9500000000000001","""-1496904330""","13.400154046296658","13.400154046296658","13.400154046296658","0","13.400154046296658"
"1","28","160","0.6000000000000001","0.9500000000000001","""-2021637432""","13.843874668377147","13.843874668377147","13.843874668377147","0","13.843874668377147"
"1","29","160","0.6000000000000001","0.9500000000000001","""1207744342""","13.353019172210772","13.353019172210772","13.353019172210772","0","13.353019172210772"
"1","30","160","0.6000000000000001","0.9500000000000001","""-1880197633""","13.455835764298689","13.455835764298689","13.455835764298689","0","13.455835764298689"
"1","31","160","0.2","0.5","""1021508580""","15.672626636198046","15.672626636198046","15.672626636198046","0","15.672626636198046"
"1","32","160","0.2","0.5","""-1393894029""","15.19679999503088","15.19679999503088","15.19679999503088","0","15.19679999503088"
"1","33","160","0.2","0.5","""994847040""","15.73583820725285","15.73583820725285","15.73583820725285","0","15.73583820725285"
"1","34","160","0.2","0.5","""2121022162""","16.38937782307066","16.38937782307066","16.38937782307066","0","16.38937782307066"
"1","35","160","0.2","0.5","""-2084307060""","14.995010924543386","14.995010924543386","14.995010924543386","0","14.995010924543386"
"1","36","160","0.2","0.5","""1760762890""","14.69644675316054","14.69644675316054","14.69644675316054","0","14.69644675316054"
"1","37","160","0.2","0.5","""-1233350904""","16.71736365590307","16.71736365590307","16.71736365590307","0","16.71736365590307"
"1","38","160","0.2","0.5","""-663606488""","16.0359181017849","16.0359181017849","16.0359181017849","0","16.0359181017849"
"1","39","160","0.2","0.5","""964634456""","16.107221003621664","16.107221003621664","16.107221003621664","0","16.107221003621664"
"1","40","160","0.2","0.5","""864181775""","15.19022962358885","15.19022962358885","15.19022962358885","0","15.19022962358885"
"1","41","160","3.8000000000000003","0.45","""273073313""","39.20780556412587","39.20780556412587","39.20780556412587","0","39.20780556412587"
"1","42","160","3.8000000000000003","0.45","""405460195""","38.379464911942755","38.379464911942755","38.379464911942755","0","38.379464911942755"
"1","43","160","3.8000000000000003","0.45","""982504628""","37.035495127076594","37.035495127076594","37.035495127076594","0","37.035495127076594"
"1","44","160","3.8000000000000003","0.45","""1754319181""","36.08356454427262","36.08356454427262","36.08356454427262","0","36.08356454427262"
"1","45","160","3.8000000000000003","0.45","""123676712""","38.57567832534785","38.57567832534785","38.57567832534785","0","38.57567832534785"
"1","46","160","3.8000000000000003","0.45","""1728260826""","37.17157035313899","37.17157035313899","37.17157035313899","0","37.17157035313899"
"1","47","160","3.8000000000000003","0.45","""224355502""","38.70612407859432","38.70612407859432","38.70612407859432","0","38.70612407859432"
"1","48","160","3.8000000000000003","0.45","""1346024655""","36.20186046223617","36.20186046223617","36.20186046223617","0","36.20186046223617"
"1","49","160","3.8000000000000003","0.45","""-1871916339""","37.69118134101415","37.69118134101415","37.69118134101415","0","37.69118134101415"
"1","50","160","3.8000000000000003","0.45","""469447816""","38.85327604972836","38.85327604972836","38.85327604972836","0","38.85327604972836"
"1","51","160","0.4","1","""387601719""","11.999999999999998","11.999999999999998","11.999999999999998","0","11.999999999999998"
"1","52","160","0.4","1","""-1882605318""","11.999999999999998","11.999999999999998","11.999999999999998","0","11.999999999999998"
"1","53","160","0.4","1","""-897803032""","11.999999999999998","11.999999999999998","11.999999999999998","0","11.999999999999998"
"1","54","160","0.4","1","""519792767""","11.999999999999998","11.999999999999998","11.999999999999998","0","11.999999999999998"
"1","55","160","0.4","1","""-717183804""","11.999999999999998","11.999999999999998","11.999999999999998","0","11.999999999999998"
"1","56","160","0.4","1","""-1471564900""","11.999999999999998","11.999999999999998","11.999999999999998","0","11.999999999999998"
"1","57","160","0.4","1","""-476887430""","11.999999999999998","11.999999999999998","11.999999999999998","0","11.999999999999998"
"1","58","160","0.4","1","""566287756""","11.999999999999998","11.999999999999998","11.999999999999998","0","11.999999999999998"
"1","59","160","0.4","1","""630790413""","11.999999999999998","11.999999999999998","11.999999999999998","0","11.999999999999998"
"1","60","160","0.4","1","""-58915102""","11.999999999999998","11.999999999999998","11.999999999999998","0","11.999999999999998"
"1","61","160","2.8000000000000003","0","""-722507794""","42.08552383078902","42.08552383078902","42.08552383078902","0","42.08552383078902"
"1","62","160","2.8000000000000003","0","""-1340080746""","43.22052261038956","43.22052261038956","43.22052261038956","0","43.22052261038956"
"1","63","160","2.8000000000000003","0","""-2072602845""","42.163014941630664","42.163014941630664","42.163014941630664","0","42.163014941630664"
"1","64","160","2.8000000000000003","0","""1145432598""","40.430042101821456","40.430042101821456","40.430042101821456","0","40.430042101821456"
"1","65","160","2.8000000000000003","0","""-511562869""","41.184124001479006","41.184124001479006","41.184124001479006","0","41.184124001479006"
"1","66","160","2.8000000000000003","0","""972925242""","42.78603667640719","42.78603667640719","42.78603667640719","0","42.78603667640719"
"1","67","160","2.8000000000000003","0","""-1044835961""","41.64040968321937","41.64040968321937","41.64040968321937","0","41.64040968321937"
"1","68","160","2.8000000000000003","0","""1488695686""","42.46173203319211","42.46173203319211","42.46173203319211","0","42.46173203319211"
"1","69","160","2.8000000000000003","0","""762945485""","40.17098744786711","40.17098744786711","40.17098744786711","0","40.17098744786711"
"1","70","160","2.8000000000000003","0","""2122470725""","42.6402053753827","42.6402053753827","42.6402053753827","0","42.6402053753827"
"1","71","160","2.8000000000000003","0.2","""-1112276418""","39.02985474579721","39.02985474579721","39.02985474579721","0","39.02985474579721"
"1","72","160","2.8000000000000003","0.2","""-927765238""","39.713008368732936","39.713008368732936","39.713008368732936","0","39.713008368732936"
"1","73","160","2.8000000000000003","0.2","""-1669207916""","39.192844458868684","39.192844458868684","39.192844458868684","0","39.192844458868684"
"1","74","160","2.8000000000000003","0.2","""665307850""","39.205986049633424","39.205986049633424","39.205986049633424","0","39.205986049633424"
"1","75","160","2.8000000000000003","0.2","""-130082506""","38.68651374128995","38.68651374128995","38.68651374128995","0","38.68651374128995"
"1","76","160","2.8000000000000003","0.2","""-741784037""","38.48420440622619","38.48420440622619","38.48420440622619","0","38.48420440622619"
"1","77","160","2.8000000000000003","0.2","""1115515532""","38.79009557571503","38.79009557571503","38.79009557571503","0","38.79009557571503"
"1","78","160","2.8000000000000003","0.2","""-1398881397""","37.05001124782924","37.05001124782924","37.05001124782924","0","37.05001124782924"
"1","79","160","2.8000000000000003","0.2","""1569362584""","39.10364104637155","39.10364104637155","39.10364104637155","0","39.10364104637155"
"1","80","160","2.8000000000000003","0.2","""-1303873448""","37.3702708391296","37.3702708391296","37.3702708391296","0","37.3702708391296"
"1","81","160","3.4000000000000004","0.05","""-1067159362""","43.070793268692846","43.070793268692846","43.070793268692846","0","43.070793268692846"
"1","82","160","3.4000000000000004","0.05","""1325770798""","42.93127095796222","42.93127095796222","42.93127095796222","0","42.93127095796222"
"1","83","160","3.4000000000000004","0.05","""1797028128""","42.363367694382646","42.363367694382646","42.363367694382646","0","42.363367694382646"
"1","84","160","3.4000000000000004","0.05","""1485007861""","42.99957322083091","42.99957322083091","42.99957322083091","0","42.99957322083091"
"1","85","160","3.4000000000000004","0.05","""1571241273""","44.15525116378163","44.15525116378163","44.15525116378163","0","44.15525116378163"
"1","86","160","3.4000000000000004","0.05","""-2037764760""","43.328749386949895","43.328749386949895","43.328749386949895","0","43.328749386949895"
"1","87","160","3.4000000000000004","0.05","""366675560""","42.78371766267239","42.78371766267239","42.78371766267239","0","42.78371766267239"
"1","88","160","3.4000000000000004","0.05","""-1818770538""","43.94276324909441","43.94276324909441","43.94276324909441","0","43.94276324909441"
"1","89","160","3.4000000000000004","0.05","""-901753199""","42.10336037493338","42.10336037493338","42.10336037493338","0","42.10336037493338"
"1","90","160","3.4000000000000004","0.05","""-793968545""","43.9332793155219","43.9332793155219","43.9332793155219","0","43.9332793155219"
"1","91","160","2","0.1","""-348872573""","35.181306297961235","35.181306297961235","35.181306297961235","0","35.181306297961235"
"1","92","160","2","0.1","""-1425956404""","35.898481544573094","35.898481544573094","35.898481544573094","0","35.898481544573094"
"1","93","160","2","0.1","""-448236282""","35.88572853533504","35.88572853533504","35.88572853533504","0","35.88572853533504"
"1","94","160","2","0.1","""764540570""","35.867416215797306","35.867416215797306","35.867416215797306","0","35.867416215797306"
"1","95","160","2","0.1","""-486642370""","35.859211551224696","35.859211551224696","35.859211551224696","0","35.859211551224696"
"1","96","160","2","0.1","""808522532""","36.463255480500784","36.463255480500784","36.463255480500784","0","36.463255480500784"
"1","97","160","2","0.1","""-1404342889""","35.08563575300157","35.08563575300157","35.08563575300157","0","35.08563575300157"
"1","98","160","2","0.1","""1223655244""","35.91453949931637","35.91453949931637","35.91453949931637","0","35.91453949931637"
"1","99","160","2","0.1","""299957201""","36.02237310181564","36.02237310181564","36.02237310181564","0","36.02237310181564"
"1","100","160","2","0.1","""-298296267""","35.5995861579767","35.5995861579767","35.5995861579767","0","35.5995861579767"
"1","101","160","3.4000000000000004","0.65","""-820555184""","31.711239520294473","31.711239520294473","31.711239520294473","0","31.711239520294473"
"1","102","160","3.4000000000000004","0.65","""-1371574524""","31.004121904460618","31.004121904460618","31.004121904460618","0","31.004121904460618"
"1","103","160","3.4000000000000004","0.65","""-324595171""","30.975126575168268","30.975126575168268","30.975126575168268","0","30.975126575168268"
"1","104","160","3.4000000000000004","0.65","""1745352726""","29.77700592002844","29.77700592002844","29.77700592002844","0","29.77700592002844"
"1","105","160","3.4000000000000004","0.65","""1608885766""","32.32800497511913","32.32800497511913","32.32800497511913","0","32.32800497511913"
"1","106","160","3.4000000000000004","0.65","""-800975543""","30.207865900522968","30.207865900522968","30.207865900522968","0","30.207865900522968"
"1","107","160","3.4000000000000004","0.65","""884240368""","30.730605227003185","30.730605227003185","30.730605227003185","0","30.730605227003185"
"1","108","160","3.4000000000000004","0.65","""922458908""","31.500198312098583","31.500198312098583","31.500198312098583","0","31.500198312098583"
"1","109","160","3.4000000000000004","0.65","""-812041842""","31.364312545479045","31.364312545479045","31.364312545479045","0","31.364312545479045"
"1","110","160","3.4000000000000004","0.65","""570619848""","32.4765468927937","32.4765468927937","32.4765468927937","0","32.4765468927937"
"1","111","160","4.800000000000001","0.1","""1618793331""","47.16304154183342","47.16304154183342","47.16304154183342","0","47.16304154183342"
"1","112","160","4.800000000000001","0.1","""-1956621431""","49.20282843801931","49.20282843801931","49.20282843801931","0","49.20282843801931"
"1","113","160","4.800000000000001","0.1","""-117311298""","49.44681159249938","49.44681159249938","49.44681159249938","0","49.44681159249938"
"1","114","160","4.800000000000001","0.1","""1109243483""","52.04142677623131","52.04142677623131","52.04142677623131","0","52.04142677623131"
"1","115","160","4.800000000000001","0.1","""991553377""","47.61377984787726","47.61377984787726","47.61377984787726","0","47.61377984787726"
"1","116","160","4.800000000000001","0.1","""-1364723767""","48.989935541052354","48.989935541052354","48.989935541052354","0","48.989935541052354"
"1","117","160","4.800000000000001","0.1","""-564349897""","49.79910792346822","49.79910792346822","49.79910792346822","0","49.79910792346822"
"1","118","160","4.800000000000001","0.1","""1324557741""","48.65247703053753","48.65247703053753","48.65247703053753","0","48.65247703053753"
"1","119","160","4.800000000000001","0.1","""947844487""","49.58929872512936","49.58929872512936","49.58929872512936","0","49.58929872512936"
"1","120","160","4.800000000000001","0.1","""803405358""","49.63004395018313","49.63004395018313","49.63004395018313","0","49.63004395018313"
"1","121","160","1.6","0.9500000000000001","""1678651529""","14.723849355915368","14.723849355915368","14.723849355915368","0","14.723849355915368"
"1","122","160","1.6","0.9500000000000001","""-1500352634""","15.766395928700094","15.766395928700094","15.766395928700094","0","15.766395928700094"
"1","123","160","1.6","0.9500000000000001","""1824737461""","15.633979569232292","15.633979569232292","15.633979569232292","0","15.633979569232292"
"1","124","160","1.6","0.9500000000000001","""-581698258""","15.196954232725323","15.196954232725323","15.196954232725323","0","15.196954232725323"
"1","125","160","1.6","0.9500000000000001","""-934924546""","14.696569190927589","14.696569190927589","14.696569190927589","0","14.696569190927589"
"1","126","160","1.6","0.9500000000000001","""-1947865726""","15.565083179436156","15.565083179436156","15.565083179436156","0","15.565083179436156"
"1","127","160","1.6","0.9500000000000001","""1881712437""","14.821422580841762","14.821422580841762","14.821422580841762","0","14.821422580841762"
"1","128","160","1.6","0.9500000000000001","""-1368886141""","14.730121050774748","14.730121050774748","14.730121050774748","0","14.730121050774748"
"1","129","160","1.6","0.9500000000000001","""-558898591""","14.066002782091616","14.066002782091616","14.066002782091616","0","14.066002782091616"
"1","130","160","1.6","0.9500000000000001","""-5652644""","14.367593746396134","14.367593746396134","14.367593746396134","0","14.367593746396134"
"1","131","160","3.4000000000000004","0.6000000000000001","""-1260054083""","32.29011649298067","32.29011649298067","32.29011649298067","0","32.29011649298067"
"1","132","160","3.4000000000000004","0.6000000000000001","""574673710""","31.51285188547847","31.51285188547847","31.51285188547847","0","31.51285188547847"
"1","133","160","3.4000000000000004","0.6000000000000001","""-2079847430""","32.21488939923565","32.21488939923565","32.21488939923565","0","32.21488939923565"
"1","134","160","3.4000000000000004","0.6000000000000001","""-294641448""","33.150946652532525","33.150946652532525","33.150946652532525","0","33.150946652532525"
"1","135","160","3.4000000000000004","0.6000000000000001","""940846198""","34.103515529642024","34.103515529642024","34.103515529642024","0","34.103515529642024"
"1","136","160","3.4000000000000004","0.6000000000000001","""-2007486501""","34.00999156012817","34.00999156012817","34.00999156012817","0","34.00999156012817"
"1","137","160","3.4000000000000004","0.6000000000000001","""-106092080""","32.75830596008673","32.75830596008673","32.75830596008673","0","32.75830596008673"
"1","138","160","3.4000000000000004","0.6000000000000001","""1762450535""","32.73888315194986","32.73888315194986","32.73888315194986","0","32.73888315194986"
"1","139","160","3.4000000000000004","0.6000000000000001","""-1805887204""","33.713977512959545","33.713977512959545","33.713977512959545","0","33.713977512959545"
"1","140","160","3.4000000000000004","0.6000000000000001","""1142095290""","31.989600805970177","31.989600805970177","31.989600805970177","0","31.989600805970177"
"1","141","160","4.6000000000000005","0.15000000000000002","""-395171627""","46.399624936647335","46.399624936647335","46.399624936647335","0","46.399624936647335"
"1","142","160","4.6000000000000005","0.15000000000000002","""536537219""","47.23943682088357","47.23943682088357","47.23943682088357","0","47.23943682088357"
"1","143","160","4.6000000000000005","0.15000000000000002","""1603572566""","46.67257918116483","46.67257918116483","46.67257918116483","0","46.67257918116483"
"1","144","160","4.6000000000000005","0.15000000000000002","""-1520170844""","48.76641268497877","48.76641268497877","48.76641268497877","0","48.76641268497877"
"1","145","160","4.6000000000000005","0.15000000000000002","""787996038""","46.69491038807496","46.69491038807496","46.69491038807496","0","46.69491038807496"
"1","146","160","4.6000000000000005","0.15000000000000002","""-1341278520""","46.45676263253609","46.45676263253609","46.45676263253609","0","46.45676263253609"
"1","147","160","4.6000000000000005","0.15000000000000002","""857734612""","47.797382242394676","47.797382242394676","47.797382242394676","0","47.797382242394676"
"1","148","160","4.6000000000000005","0.15000000000000002","""871128745""","45.24228521681835","45.24228521681835","45.24228521681835","0","45.24228521681835"
"1","149","160","4.6000000000000005","0.15000000000000002","""528836627""","47.837499480283796","47.837499480283796","47.837499480283796","0","47.837499480283796"
"1","150","160","4.6000000000000005","0.15000000000000002","""555354597""","46.11201272533451","46.11201272533451","46.11201272533451","0","46.11201272533451"
"1","151","160","3.6","0.9500000000000001","""-196852186""","20.46579585283385","20.46579585283385","20.46579585283385","0","20.46579585283385"
"1","152","160","3.6","0.9500000000000001","""1110228324""","18.15704862835468","18.15704862835468","18.15704862835468","0","18.15704862835468"
"1","153","160","3.6","0.9500000000000001","""-149268""","19.247194435557045","19.247194435557045","19.247194435557045","0","19.247194435557045"
"1","154","160","3.6","0.9500000000000001","""-698838387""","19.046194023415175","19.046194023415175","19.046194023415175","0","19.046194023415175"
"1","155","160","3.6","0.9500000000000001","""-3480270""","18.919456052655928","18.919456052655928","18.919456052655928","0","18.919456052655928"
"1","156","160","3.6","0.9500000000000001","""463127206""","17.99639920882813","17.99639920882813","17.99639920882813","0","17.99639920882813"
"1","157","160","3.6","0.9500000000000001","""-1226588848""","19.68675980038431","19.68675980038431","19.68675980038431","0","19.68675980038431"
"1","158","160","3.6","0.9500000000000001","""-1318732818""","16.9489112678928","16.9489112678928","16.9489112678928","0","16.9489112678928"
"1","159","160","3.6","0.9500000000000001","""557422171""","17.777741716153166","17.777741716153166","17.777741716153166","0","17.777741716153166"
"1","160","160","3.6","0.9500000000000001","""-481907101""","18.209067038270092","18.209067038270092","18.209067038270092","0","18.209067038270092"
"1","161","170","0.8","0.05","""1862684110""","28.145685061927875","28.145685061927875","28.145685061927875","0","28.145685061927875"
"1","162","170","0.8","0.05","""1634051968""","27.564921482223625","27.564921482223625","27.564921482223625","0","27.564921482223625"
"1","163","170","0.8","0.05","""1891400091""","27.763836016992236","27.763836016992236","27.763836016992236","0","27.763836016992236"
"1","164","170","0.8","0.05","""319508608""","29.74898714402301","29.74898714402301","29.74898714402301","0","29.74898714402301"
"1","165","170","0.8","0.05","""1159972156""","29.129235261252255","29.129235261252255","29.129235261252255","0","29.129235261252255"
"1","166","170","0.8","0.05","""1536976176""","28.610469854650926","28.610469854650926","28.610469854650926","0","28.610469854650926"
"1","167","170","0.8","0.05","""2116908709""","27.52458712848926","27.52458712848926","27.52458712848926","0","27.52458712848926"
"1","168","170","0.8","0.05","""772480380""","28.26784336299031","28.26784336299031","28.26784336299031","0","28.26784336299031"
"1","169","170","0.8","0.05","""-494716671""","26.967929903366706","26.967929903366706","26.967929903366706","0","26.967929903366706"
"1","170","170","0.8","0.05","""1915814273""","28.45124631435679","28.45124631435679","28.45124631435679","0","28.45124631435679"
"1","171","180","1.2000000000000002","0.1","""-58224996""","32.5884709937777","32.5884709937777","32.5884709937777","0","32.5884709937777"
"1","172","180","1.2000000000000002","0.1","""-862526885""","31.600856223987897","31.600856223987897","31.600856223987897","0","31.600856223987897"
"1","173","180","1.2000000000000002","0.1","""-249807665""","32.301898505134325","32.301898505134325","32.301898505134325","0","32.301898505134325"
"1","174","180","1.2000000000000002","0.1","""1064945028""","33.01084565195715","33.01084565195715","33.01084565195715","0","33.01084565195715"
"1","175","180","1.2000000000000002","0.1","""2087314579""","30.94764451679206","30.94764451679206","30.94764451679206","0","30.94764451679206"
"1","176","180","1.2000000000000002","0.1","""80692955""","30.429965010023444","30.429965010023444","30.429965010023444","0","30.429965010023444"
"1","177","180","1.2000000000000002","0.1","""-738155534""","32.113092402008014","32.113092402008014","32.113092402008014","0","32.113092402008014"
"1","178","180","1.2000000000000002","0.1","""956951046""","31.791950179632117","31.791950179632117","31.791950179632117","0","31.791950179632117"
"1","179","180","1.2000000000000002","0.1","""496243961""","31.409020669043475","31.409020669043475","31.409020669043475","0","31.409020669043475"
"1","180","180","1.2000000000000002","0.1","""-1435759613""","32.53971495307584","32.53971495307584","32.53971495307584","0","32.53971495307584"
"1","181","190","2.6","0.1","""194347166""","38.65101942902838","38.65101942902838","38.65101942902838","0","38.65101942902838"
"1","182","190","2.6","0.1","""1916458747""","39.334423938694556","39.334423938694556","39.334423938694556","0","39.334423938694556"
"1","183","190","2.6","0.1","""879738499""","38.977096686532185","38.977096686532185","38.977096686532185","0","38.977096686532185"
"1","184","190","2.6","0.1","""15587474""","38.67276340606473","38.67276340606473","38.67276340606473","0","38.67276340606473"
"1","185","190","2.6","0.1","""-158017003""","38.282189150102745","38.282189150102745","38.282189150102745","0","38.282189150102745"
"1","186","190","2.6","0.1","""1309290741""","40.26667500019901","40.26667500019901","40.26667500019901","0","40.26667500019901"
"1","187","190","2.6","0.1","""-571172354""","40.00223694312284","40.00223694312284","40.00223694312284","0","40.00223694312284"
"1","188","190","2.6","0.1","""-147462400""","39.48536963187005","39.48536963187005","39.48536963187005","0","39.48536963187005"
"1","189","190","2.6","0.1","""-1922550846""","38.65679185385668","38.65679185385668","38.65679185385668","0","38.65679185385668"
"1","190","190","2.6","0.1","""-1452201923""","38.99935188372749","38.99935188372749","38.99935188372749","0","38.99935188372749"
"1","191","200","2.4000000000000004","0.55","""-958021137""","32.319700131247735","32.319700131247735","32.319700131247735","0","32.319700131247735"
"1","192","200","2.4000000000000004","0.55","""864868503""","32.50755563288517","32.50755563288517","32.50755563288517","0","32.50755563288517"
"1","193","200","2.4000000000000004","0.55","""-398775737""","30.620175772261682","30.620175772261682","30.620175772261682","0","30.620175772261682"
"1","194","200","2.4000000000000004","0.55","""-1652661738""","31.683662857105208","31.683662857105208","31.683662857105208","0","31.683662857105208"
"1","195","200","2.4000000000000004","0.55","""-363825459""","31.873756494081658","31.873756494081658","31.873756494081658","0","31.873756494081658"
"1","196","200","2.4000000000000004","0.55","""-1831571400""","30.06212862640448","30.06212862640448","30.06212862640448","0","30.06212862640448"
"1","197","200","2.4000000000000004","0.55","""49072234""","31.01119249236975","31.01119249236975","31.01119249236975","0","31.01119249236975"
"1","198","200","2.4000000000000004","0.55","""-1388201976""","30.51720743686131","30.51720743686131","30.51720743686131","0","30.51720743686131"
"1","199","200","2.4000000000000004","0.55","""-1901349292""","32.0968129324961","32.0968129324961","32.0968129324961","0","32.0968129324961"
"1","200","200","2.4000000000000004","0.55","""-1021628522""","31.50152859485339","31.50152859485339","31.50152859485339","0","31.50152859485339"
"1","201","210","1.2000000000000002","0.75","""-1839572348""","22.495116832618802","22.495116832618802","22.495116832618802","0","22.495116832618802"
"1","202","210","1.2000000000000002","0.75","""744167928""","22.287736092274685","22.287736092274685","22.287736092274685","0","22.287736092274685"
"1","203","210","1.2000000000000002","0.75","""-1705014700""","22.70789166157316","22.70789166157316","22.70789166157316","0","22.70789166157316"
"1","204","210","1.2000000000000002","0.75","""-1468585135""","23.306417152697495","23.306417152697495","23.306417152697495","0","23.306417152697495"
"1","205","210","1.2000000000000002","0.75","""-1272171663""","23.003475969945185","23.003475969945185","23.003475969945185","0","23.003475969945185"
"1","206","210","1.2000000000000002","0.75","""-1780989401""","22.042729988665176","22.042729988665176","22.042729988665176","0","22.042729988665176"
"1","207","210","1.2000000000000002","0.75","""1177463334""","20.96130862390884","20.96130862390884","20.96130862390884","0","20.96130862390884"
"1","208","210","1.2000000000000002","0.75","""1302150473""","22.563418188929703","22.563418188929703","22.563418188929703","0","22.563418188929703"
"1","209","210","1.2000000000000002","0.75","""-2024064974""","22.732095998558055","22.732095998558055","22.732095998558055","0","22.732095998558055"
"1","210","210","1.2000000000000002","0.75","""-944470593""","22.550686486838202","22.550686486838202","22.550686486838202","0","22.550686486838202"
"1","211","220","3.4000000000000004","0.1","""521558051""","43.20844249283089","43.20844249283089","43.20844249283089","0","43.20844249283089"
"1","212","220","3.4000000000000004","0.1","""-136796868""","41.37248942780344","41.37248942780344","41.37248942780344","0","41.37248942780344"
"1","213","220","3.4000000000000004","0.1","""1857925056""","41.81575602148062","41.81575602148062","41.81575602148062","0","41.81575602148062"
"1","214","220","3.4000000000000004","0.1","""1316856295""","42.77035111278021","42.77035111278021","42.77035111278021","0","42.77035111278021"
"1","215","220","3.4000000000000004","0.1","""1400827770""","44.85202498584609","44.85202498584609","44.85202498584609","0","44.85202498584609"
"1","216","220","3.4000000000000004","0.1","""1611667323""","41.46537901784274","41.46537901784274","41.46537901784274","0","41.46537901784274"
"1","217","220","3.4000000000000004","0.1","""-1338335096""","43.78403160388566","43.78403160388566","43.78403160388566","0","43.78403160388566"
"1","218","220","3.4000000000000004","0.1","""-569662895""","42.959829525318014","42.959829525318014","42.959829525318014","0","42.959829525318014"
"1","219","220","3.4000000000000004","0.1","""1052267569""","42.70533260087036","42.70533260087036","42.70533260087036","0","42.70533260087036"
"1","220","220","3.4000000000000004","0.1","""979155686""","43.054062482757246","43.054062482757246","43.054062482757246","0","43.054062482757246"
"1","221","230","0.8","0.9","""-1899031147""","15.500678816029357","15.500678816029357","15.500678816029357","0","15.500678816029357"
"1","222","230","0.8","0.9","""719528311""","14.9570317776548","14.9570317776548","14.9570317776548","0","14.9570317776548"
"1","223","230","0.8","0.9","""-1644951332""","14.860610033514185","14.860610033514185","14.860610033514185","0","14.860610033514185"
"1","224","230","0.8","0.9","""-900496940""","14.39711077433845","14.39711077433845","14.39711077433845","0","14.39711077433845"
"1","225","230","0.8","0.9","""614213582""","15.275572160374896","15.275572160374896","15.275572160374896","0","15.275572160374896"
"1","226","230","0.8","0.9","""1513906939""","15.183633012835864","15.183633012835864","15.183633012835864","0","15.183633012835864"
"1","227","230","0.8","0.9","""390498259""","14.431536834098086","14.431536834098086","14.431536834098086","0","14.431536834098086"
"1","228","230","0.8","0.9","""-283176490""","14.9945081456992","14.9945081456992","14.9945081456992","0","14.9945081456992"
"1","229","230","0.8","0.9","""25093191""","14.61728205713211","14.61728205713211","14.61728205713211","0","14.61728205713211"
"1","230","230","0.8","0.9","""252159021""","15.128451938509883","15.128451938509883","15.128451938509883","0","15.128451938509883"
"1","231","240","2.8000000000000003","0.30000000000000004","""1452438228""","36.276838539365826","36.276838539365826","36.276838539365826","0","36.276838539365826"
"1","232","240","2.8000000000000003","0.30000000000000004","""929879545""","36.65668732325178","36.65668732325178","36.65668732325178","0","36.65668732325178"
"1","233","240","2.8000000000000003","0.30000000000000004","""-1837842864""","37.72312800234425","37.72312800234425","37.72312800234425","0","37.72312800234425"
"1","234","240","2.8000000000000003","0.30000000000000004","""-157305081""","36.92011378559781","36.92011378559781","36.92011378559781","0","36.92011378559781"
"1","235","240","2.8000000000000003","0.30000000000000004","""1689952888""","35.66332039059134","35.66332039059134","35.66332039059134","0","35.66332039059134"
"1","236","240","2.8000000000000003","0.30000000000000004","""-353953142""","37.527349069177816","37.527349069177816","37.527349069177816","0","37.527349069177816"
"1","237","240","2.8000000000000003","0.30000000000000004","""188420007""","37.53978971056158","37.53978971056158","37.53978971056158","0","37.53978971056158"
"1","238","240","2.8000000000000003","0.30000000000000004","""-1900452808""","37.60432058562379","37.60432058562379","37.60432058562379","0","37.60432058562379"
"1","239","240","2.8000000000000003","0.30000000000000004","""-1266172364""","36.56832477076455","36.56832477076455","36.56832477076455","0","36.56832477076455"
"1","240","240","2.8000000000000003","0.30000000000000004","""-1132734318""","39.91353162106233","39.91353162106233","39.91353162106233","0","39.91353162106233"
"1","241","250","0","0.75","""-1890524376""","11.999999999999998","11.999999999999998","11.999999999999998","0","11.999999999999998"
"1","242","250","0","0.75","""62444988""","11.999999999999998","11.999999999999998","11.999999999999998","0","11.999999999999998"
"1","243","250","0","0.75","""-430497302""","11.999999999999998","11.999999999999998","11.999999999999998","0","11.999999999999998"
"1","244","250","0","0.75","""1806708053""","11.999999999999998","11.999999999999998","11.999999999999998","0","11.999999999999998"
"1","245","250","0","0.75","""-1332782576""","11.999999999999998","11.999999999999998","11.999999999999998","0","11.999999999999998"
"1","246","250","0","0.75","""644488545""","11.999999999999998","11.999999999999998","11.999999999999998","0","11.999999999999998"
"1","247","250","0","0.75","""-1781803665""","11.999999999999998","11.999999999999998","11.999999999999998","0","11.999999999999998"
"1","248","250","0","0.75","""1870679425""","11.999999999999998","11.999999999999998","11.999999999999998","0","11.999999999999998"
"1","249","250","0","0.75","""-1163939557""","11.999999999999998","11.999999999999998","11.999999999999998","0","11.999999999999998"
"1","250","250","0","0.75","""494330438""","11.999999999999998","11.999999999999998","11.999999999999998","0","11.999999999999998"
"1","251","260","4","1","""1547673517""","11.999999999999998","11.999999999999998","11.999999999999998","0","11.999999999999998"
"1","252","260","4","1","""1079154661""","11.999999999999998","11.999999999999998","11.999999999999998","0","11.999999999999998"
"1","253","260","4","1","""-2083066155""","11.999999999999998","11.999999999999998","11.999999999999998","0","11.999999999999998"
"1","254","260","4","1","""-573029598""","11.999999999999998","11.999999999999998","11.999999999999998","0","11.999999999999998"
"1","255","260","4","1","""318055169""","11.999999999999998","11.999999999999998","11.999999999999998","0","11.999999999999998"
"1","256","260","4","1","""613129780""","11.999999999999998","11.999999999999998","11.999999999999998","0","11.999999999999998"
"1","257","260","4","1","""851729949""","11.999999999999998","11.999999999999998","11.999999999999998","0","11.999999999999998"
"1","258","260","4","1","""287699117""","11.999999999999998","11.999999999999998","11.999999999999998","0","11.999999999999998"
"1","259","260","4","1","""2056328592""","11.999999999999998","11.999999999999998","11.999999999999998","0","11.999999999999998"
"1","260","260","4","1","""578386535""","11.999999999999998","11.999999999999998","11.999999999999998","0","11.999999999999998"
"1","261","270","0.8","0","""1538633736""","27.806027476293746","27.806027476293746","27.806027476293746","0","27.806027476293746"
"1","262","270","0.8","0","""858548860""","27.490845151175726","27.490845151175726","27.490845151175726","0","27.490845151175726"
"1","263","270","0.8","0","""-1748021100""","28.0021243552538","28.0021243552538","28.0021243552538","0","28.0021243552538"
"1","264","270","0.8","0","""-814945175""","29.07975602139351","29.07975602139351","29.07975602139351","0","29.07975602139351"
"1","265","270","0.8","0","""-2048846238""","27.183065221578993","27.183065221578993","27.183065221578993","0","27.183065221578993"
"1","266","270","0.8","0","""1321567517""","28.525836287156896","28.525836287156896","28.525836287156896","0","28.525836287156896"
"1","267","270","0.8","0","""-1556006530""","28.628191313644983","28.628191313644983","28.628191313644983","0","28.628191313644983"
"1","268","270","0.8","0","""-353536057""","28.114929646224976","28.114929646224976","28.114929646224976","0","28.114929646224976"
"1","269","270","0.8","0","""-1181493362""","27.38764057481573","27.38764057481573","27.38764057481573","0","27.38764057481573"
"1","270","270","0.8","0","""-629270952""","28.891028740573418","28.891028740573418","28.891028740573418","0","28.891028740573418"
"1","271","280","2","1","""-848572766""","11.999999999999998","11.999999999999998","11.999999999999998","0","11.999999999999998"
"1","272","280","2","1","""2067220049""","11.999999999999998","11.999999999999998","11.999999999999998","0","11.999999999999998"
"1","273","280","2","1","""324927768""","11.999999999999998","11.999999999999998","11.999999999999998","0","11.999999999999998"
"1","274","280","2","1","""-1688742108""","11.999999999999998","11.999999999999998","11.999999999999998","0","11.999999999999998"
"1","275","280","2","1","""-1845257541""","11.999999999999998","11.999999999999998","11.999999999999998","0","11.999999999999998"
"1","276","280","2","1","""1414728240""","11.999999999999998","11.999999999999998","11.999999999999998","0","11.999999999999998"
"1","277","280","2","1","""-1714826566""","11.999999999999998","11.999999999999998","11.999999999999998","0","11.999999999999998"
"1","278","280","2","1","""-917332240""","11.999999999999998","11.999999999999998","11.999999999999998","0","11.999999999999998"
"1","279","280","2","1","""2035741872""","11.999999999999998","11.999999999999998","11.999999999999998","0","11.999999999999998"
"1","280","280","2","1","""1093268027""","11.999999999999998","11.999999999999998","11.999999999999998","0","11.999999999999998"
"1","281","290","1.4000000000000001","0.05","""-861199876""","32.11176718129872","32.11176718129872","32.11176718129872","0","32.11176718129872"
"1","282","290","1.4000000000000001","0.05","""398081574""","32.646297411792375","32.646297411792375","32.646297411792375","0","32.646297411792375"
"1","283","290","1.4000000000000001","0.05","""458679842""","34.30342547496306","34.30342547496306","34.30342547496306","0","34.30342547496306"
"1","284","290","1.4000000000000001","0.05","""-26412863""","33.87948188444094","33.87948188444094","33.87948188444094","0","33.87948188444094"
"1","285","290","1.4000000000000001","0.05","""-304730989""","33.72185951143455","33.72185951143455","33.72185951143455","0","33.72185951143455"
"1","286","290","1.4000000000000001","0.05","""-223490281""","33.84248541099564","33.84248541099564","33.84248541099564","0","33.84248541099564"
"1","287","290","1.4000000000000001","0.05","""1363186992""","33.728338040092524","33.728338040092524","33.728338040092524","0","33.728338040092524"
"1","288","290","1.4000000000000001","0.05","""1855159192""","34.42272702880419","34.42272702880419","34.42272702880419","0","34.42272702880419"
"1","289","290","1.4000000000000001","0.05","""-625734141""","33.44092095157228","33.44092095157228","33.44092095157228","0","33.44092095157228"
"1","290","290","1.4000000000000001","0.05","""2119134064""","32.83464280752364","32.83464280752364","32.83464280752364","0","32.83464280752364"
"1","291","300","2.6","0.9500000000000001","""1819732808""","16.143702279044142","16.143702279044142","16.143702279044142","0","16.143702279044142"
"1","292","300","2.6","0.9500000000000001","""-2111812156""","15.756264647926614","15.756264647926614","15.756264647926614","0","15.756264647926614"
"1","293","300","2.6","0.9500000000000001","""491413760""","17.840447357676016","17.840447357676016","17.840447357676016","0","17.840447357676016"
"1","294","300","2.6","0.9500000000000001","""871200345""","16.63414380927183","16.63414380927183","16.63414380927183","0","16.63414380927183"
"1","295","300","2.6","0.9500000000000001","""-1750365971""","16.882787432648637","16.882787432648637","16.882787432648637","0","16.882787432648637"
"1","296","300","2.6","0.9500000000000001","""1419780071""","16.610838009712715","16.610838009712715","16.610838009712715","0","16.610838009712715"
"1","297","300","2.6","0.9500000000000001","""571113040""","16.687402720460334","16.687402720460334","16.687402720460334","0","16.687402720460334"
"1","298","300","2.6","0.9500000000000001","""1630588506""","16.44438287804109","16.44438287804109","16.44438287804109","0","16.44438287804109"
"1","299","300","2.6","0.9500000000000001","""445530976""","17.474657904309666","17.474657904309666","17.474657904309666","0","17.474657904309666"
"1","300","300","2.6","0.9500000000000001","""834894644""","16.4571572036265","16.4571572036265","16.4571572036265","0","16.4571572036265"
